"<OPTION VALUE =,Brown 1002, >Brown 1002</OPTION>"
"<OPTION VALUE =,Brown 1003, >Brown 1003</OPTION>"
"<OPTION VALUE =,Brown 1037, >Brown 1037</OPTION>"
"<OPTION VALUE =,Brown 1045, >Brown 1045</OPTION>"
"<OPTION VALUE =,Brown 2003, >Brown 2003</OPTION>"
"<OPTION VALUE =,Brown 2006, >Brown 2006</OPTION>"
"<OPTION VALUE =,Brown 2010, >Brown 2010</OPTION>"
"<OPTION VALUE =,Brown 2017, >Brown 2017</OPTION>"
"<OPTION VALUE =,Brown 2026, >Brown 2026</OPTION>"
"<OPTION VALUE =,Brown 3037, >Brown 3037</OPTION>"
"<OPTION VALUE =,Brown 3041, >Brown 3041</OPTION>"
"<OPTION VALUE =,Brown 3045, >Brown 3045</OPTION>"
"<OPTION VALUE =,Chem 1880 - Sean, >Chem 1880 - Sean</OPTION>"
"<OPTION VALUE =,Chem 3802, >Chem 3802</OPTION>"
"<OPTION VALUE =,Chem 3860, >Chem 3860</OPTION>"
"<OPTION VALUE =,Dunbar 4208, >Dunbar 4208</OPTION>"
"<OPTION VALUE =,Dunbar 4210, >Dunbar 4210</OPTION>"
"<OPTION VALUE =,Dunbar 4212, >Dunbar 4212</OPTION>"
"<OPTION VALUE =,Dunbar 4214, >Dunbar 4214</OPTION>"
"<OPTION VALUE =,Dunbar 4216, >Dunbar 4216</OPTION>"
"<OPTION VALUE =,Dunbar 4216 - E, >Dunbar 4216 - E</OPTION>"
"<OPTION VALUE =,Dunbar 4216 - F, >Dunbar 4216 - F</OPTION>"
"<OPTION VALUE =,Dunbar 4216 - G, >Dunbar 4216 - G</OPTION>"
"<OPTION VALUE =,Friedmann 3307, >Friedmann 3307</OPTION>"
"<OPTION VALUE =,Friedmann 4302, >Friedmann 4302</OPTION>"
"<OPTION VALUE =,Friedmann 4302 - Laptop Cart, >Friedmann 4302 - Laptop Cart</OPTION>"
"<OPTION VALUE =,Friedmann 5405, >Friedmann 5405</OPTION>"
"<OPTION VALUE =,Moore 1011, >Moore 1011</OPTION>"
"<OPTION VALUE =,Moore 1060, >Moore 1060</OPTION>"
"<OPTION VALUE =,Moore 1061, >Moore 1061</OPTION>"
"<OPTION VALUE =,Moore 1068, >Moore 1068</OPTION>"
"<OPTION VALUE =,Moore 1071, >Moore 1071</OPTION>"
"<OPTION VALUE =,Rood 1136, >Rood 1136</OPTION>"
"<OPTION VALUE =,Rood 2202, >Rood 2202</OPTION>"
"<OPTION VALUE =,Rood 2204, >Rood 2204</OPTION>"
"<OPTION VALUE =,Rood 2206, >Rood 2206</OPTION>"
"<OPTION VALUE =,Rood 2208, >Rood 2208</OPTION>"
"<OPTION VALUE =,Rood 2210, >Rood 2210</OPTION>"
"<OPTION VALUE =,Rood 2212, >Rood 2212</OPTION>"
"<OPTION VALUE =,Rood 2214, >Rood 2214</OPTION>"
"<OPTION VALUE =,Rood 2240, >Rood 2240</OPTION>"
"<OPTION VALUE =,Rood 2242, >Rood 2242</OPTION>"
"<OPTION VALUE =,Rood 2246, >Rood 2246</OPTION>"
"<OPTION VALUE =,Rood 2248, >Rood 2248</OPTION>"
"<OPTION VALUE =,Rood 2250, >Rood 2250</OPTION>"
"<OPTION VALUE =,Rood 2261, >Rood 2261</OPTION>"
"<OPTION VALUE =,Rood 3374, >Rood 3374</OPTION>"
"<OPTION VALUE =,Rood 3381, >Rood 3381</OPTION>"
"<OPTION VALUE =,Rood 3394, >Rood 3394</OPTION>"
"<OPTION VALUE =,Rood 3396, >Rood 3396</OPTION>"
"<OPTION VALUE =,Sangren 3203, >Sangren 3203</OPTION>"
"<OPTION VALUE =,Wood 1106, >Wood 1106</OPTION>"
"<OPTION VALUE =,Wood 1120, >Wood 1120</OPTION>"
"<OPTION VALUE =,Wood 1127, >Wood 1127</OPTION>"
"<OPTION VALUE =,Wood 1207, >Wood 1207</OPTION>"
"<OPTION VALUE =,Wood 1308, >Wood 1308</OPTION>"
"<OPTION VALUE =,Wood 1405 - Betty, >Wood 1405 - Betty</OPTION>"
"<OPTION VALUE =,Wood 1408 - Betty, >Wood 1408 - Betty</OPTION>"
"<OPTION VALUE =,Wood 1413 - Betty, >Wood 1413 - Betty</OPTION>"
"<OPTION VALUE =,Wood 1414 - Betty, >Wood 1414 - Betty</OPTION>"
"<OPTION VALUE =,Wood 1505, >Wood 1505</OPTION>"
"<OPTION VALUE =,Wood 2107, >Wood 2107</OPTION>"
"<OPTION VALUE =,Wood 2109, >Wood 2109</OPTION>"
"<OPTION VALUE =,Wood 2207, >Wood 2207</OPTION>"
"<OPTION VALUE =,Wood 2210, >Wood 2210</OPTION>"
"<OPTION VALUE =,Wood 2214, >Wood 2214</OPTION>"
"<OPTION VALUE =,Wood 2215, >Wood 2215</OPTION>"
"<OPTION VALUE =,Wood 2404, >Wood 2404</OPTION>"
"<OPTION VALUE =,Wood 2412, >Wood 2412</OPTION>"
"<OPTION VALUE =,Wood 2415, >Wood 2415</OPTION>"
"<OPTION VALUE =,Wood 3705, >Wood 3705</OPTION>"
